{
  "babics": [
    {
      "name": "Биг",
      "surname": "Баби",
      "prof": ["рэпир", "дворянин", "кленический имбицил"],
      "simg": "baby.jpg"
    },
    {
      "name": "Курт",
      "surname": "Кобейн",
      "prof": ["Музыкант", "вертолет", "любитель пострелять"],
      "simg": "curt.jpg"
    },
    {
      "name": "Доминик",
      "surname": "Торренто",
      "prof": ["гонщик", "автолюбитель", "кчау"],
      "simg": "dominic.jpg"
    }
  ]
}